<?xml version="1.0" encoding="UTF-8"?>
<model package="modwhmcs" baseClass="xPDOObject" platform="mysql" defaultEngine="MyISAM" version="1.0">
    <object class="modWHMCSItem" table="modwhmcs_items" extends="xPDOSimpleObject">
        <field key="name" dbtype="varchar" precision="191" phptype="string" null="false" default=""/>
        <field key="description" dbtype="text" phptype="string" null="false" default=""/>
        <field key="position" dbtype="int" precision="10" phptype="integer" null="false"/>

        <field key="createdon" dbtype="datetime" phptype="datetime" null="true"/>
        <field key="createdby" dbtype="int" precision="10" attributes="unsigned" phptype="integer" null="false" default="0" />
        <field key="editedon" dbtype="datetime" phptype="datetime" null="true"/>
        <field key="editedby" dbtype="int" precision="10" attributes="unsigned" phptype="integer" null="false" default="0" />

        <aggregate alias="CreatedBy" class="modUser" local="createdby" foreign="id" cardinality="one" owner="foreign"/>
        <aggregate alias="EditedBy" class="modUser" local="editedby" foreign="id" cardinality="one" owner="foreign"/>
    </object>
</model>